{
  "factor_name": "size",
  "horizon": 1,
  "rank_ic_mean": -0.002005916199344565,
  "rank_ic_std": 0.18651041501809187,
  "icir": -0.17073005002278654,
  "valid_rank_ic_dates": 3,
  "quantile_dates": 3,
  "long_short_mean": -4.57695404711232e-05,
  "research_status": "insufficient_sample",
  "message": "Only 3 valid RankIC dates; below threshold 20."
}