,bp,ep,size
bp,1.0,0.7412371134020641,-0.886804123711341
ep,0.7412371134020641,1.0,-0.7707216494845408
size,-0.886804123711341,-0.7707216494845408,1.0
