{
  "factor_name": "mom_20",
  "horizon": 1,
  "rank_ic_mean": 0.023236670589526713,
  "rank_ic_std": 0.5461162439231741,
  "icir": 0.6754435784810485,
  "valid_rank_ic_dates": 464,
  "quantile_dates": 464,
  "long_short_mean": 0.002299532242861825,
  "research_status": "valid",
  "message": "Factor has enough valid observations for basic research."
}