{
  "factor_name": "turnover_20",
  "horizon": 1,
  "rank_ic_mean": -0.08044686775403342,
  "rank_ic_std": 0.5235173954366927,
  "icir": -2.439373449897277,
  "valid_rank_ic_dates": 465,
  "quantile_dates": 465,
  "long_short_mean": -0.002701350722853312,
  "research_status": "valid",
  "message": "Factor has enough valid observations for basic research."
}