{
  "factor_name": "bp",
  "horizon": 1,
  "rank_ic_mean": 0.24752520850402324,
  "rank_ic_std": 0.0986701062359839,
  "icir": 39.823012454539615,
  "valid_rank_ic_dates": 3,
  "quantile_dates": 3,
  "long_short_mean": 0.01013390857618955,
  "research_status": "insufficient_sample",
  "message": "Only 3 valid RankIC dates; below threshold 20."
}